"filename", "language", "Python", "C++", "CMake", "Markdown", "JSON", "Docker", "YAML", "Properties", "Shell Script", "XML", "HTML", "Makefile", "comment", "blank", "total"
"/root/projects/cpp/mine/media_stream_analyzing/REAEME.md", "Markdown", 0, 0, 0, 5, 0, 0, 0, 0, 0, 0, 0, 0, 0, 3, 8
"/root/projects/cpp/mine/media_stream_analyzing/cpp/3rdparty/cpp-httplib/CMakeLists.txt", "CMake", 0, 0, 324, 0, 0, 0, 0, 0, 0, 0, 0, 0, 0, 46, 370
"/root/projects/cpp/mine/media_stream_analyzing/cpp/3rdparty/cpp-httplib/Dockerfile", "Docker", 0, 0, 0, 0, 0, 11, 0, 0, 0, 0, 0, 0, 0, 3, 14
"/root/projects/cpp/mine/media_stream_analyzing/cpp/3rdparty/cpp-httplib/README-sse.md", "Markdown", 0, 0, 0, 126, 0, 0, 0, 0, 0, 0, 0, 0, 0, 57, 183
"/root/projects/cpp/mine/media_stream_analyzing/cpp/3rdparty/cpp-httplib/README-stream.md", "Markdown", 0, 0, 0, 242, 0, 0, 0, 0, 0, 0, 0, 0, 0, 76, 318
"/root/projects/cpp/mine/media_stream_analyzing/cpp/3rdparty/cpp-httplib/README.md", "Markdown", 0, 0, 0, 1051, 0, 0, 0, 0, 0, 0, 0, 0, 0, 308, 1359
"/root/projects/cpp/mine/media_stream_analyzing/cpp/3rdparty/cpp-httplib/benchmark/Makefile", "Makefile", 0, 0, 0, 0, 0, 0, 0, 0, 0, 0, 0, 30, 3, 15, 48
"/root/projects/cpp/mine/media_stream_analyzing/cpp/3rdparty/cpp-httplib/benchmark/cpp-httplib/main.cpp", "C++", 0, 9, 0, 0, 0, 0, 0, 0, 0, 0, 0, 0, 0, 4, 13
"/root/projects/cpp/mine/media_stream_analyzing/cpp/3rdparty/cpp-httplib/benchmark/crow/crow_all.h", "C++", 0, 11289, 0, 0, 0, 0, 0, 0, 0, 0, 0, 0, 1219, 1809, 14317
"/root/projects/cpp/mine/media_stream_analyzing/cpp/3rdparty/cpp-httplib/benchmark/crow/main.cpp", "C++", 0, 12, 0, 0, 0, 0, 0, 0, 0, 0, 0, 0, 0, 6, 18
"/root/projects/cpp/mine/media_stream_analyzing/cpp/3rdparty/cpp-httplib/cmake/FindBrotli.cmake", "CMake", 0, 0, 153, 0, 0, 0, 0, 0, 0, 0, 0, 0, 0, 21, 174
"/root/projects/cpp/mine/media_stream_analyzing/cpp/3rdparty/cpp-httplib/docker-compose.yml", "YAML", 0, 0, 0, 0, 0, 0, 7, 0, 0, 0, 0, 0, 0, 1, 8
"/root/projects/cpp/mine/media_stream_analyzing/cpp/3rdparty/cpp-httplib/docker/html/index.html", "HTML", 0, 0, 0, 0, 0, 0, 0, 0, 0, 0, 19, 0, 0, 3, 22
"/root/projects/cpp/mine/media_stream_analyzing/cpp/3rdparty/cpp-httplib/docker/main.cc", "C++", 0, 252, 0, 0, 0, 0, 0, 0, 0, 0, 0, 0, 14, 38, 304
"/root/projects/cpp/mine/media_stream_analyzing/cpp/3rdparty/cpp-httplib/example/Makefile", "Makefile", 0, 0, 0, 0, 0, 0, 0, 0, 0, 0, 0, 45, 1, 22, 68
"/root/projects/cpp/mine/media_stream_analyzing/cpp/3rdparty/cpp-httplib/example/accept_header.cc", "C++", 0, 105, 0, 0, 0, 0, 0, 0, 0, 0, 0, 0, 11, 19, 135
"/root/projects/cpp/mine/media_stream_analyzing/cpp/3rdparty/cpp-httplib/example/benchmark.cc", "C++", 0, 27, 0, 0, 0, 0, 0, 0, 0, 0, 0, 0, 0, 7, 34
"/root/projects/cpp/mine/media_stream_analyzing/cpp/3rdparty/cpp-httplib/example/client.cc", "C++", 0, 27, 0, 0, 0, 0, 0, 0, 0, 0, 0, 0, 8, 7, 42
"/root/projects/cpp/mine/media_stream_analyzing/cpp/3rdparty/cpp-httplib/example/client.vcxproj", "XML", 0, 0, 0, 0, 0, 0, 0, 0, 0, 160, 0, 0, 0, 0, 160
"/root/projects/cpp/mine/media_stream_analyzing/cpp/3rdparty/cpp-httplib/example/hello.cc", "C++", 0, 9, 0, 0, 0, 0, 0, 0, 0, 0, 0, 0, 6, 5, 20
"/root/projects/cpp/mine/media_stream_analyzing/cpp/3rdparty/cpp-httplib/example/one_time_request.cc", "C++", 0, 39, 0, 0, 0, 0, 0, 0, 0, 0, 0, 0, 1, 17, 57
"/root/projects/cpp/mine/media_stream_analyzing/cpp/3rdparty/cpp-httplib/example/redirect.cc", "C++", 0, 37, 0, 0, 0, 0, 0, 0, 0, 0, 0, 0, 9, 15, 61
"/root/projects/cpp/mine/media_stream_analyzing/cpp/3rdparty/cpp-httplib/example/server.cc", "C++", 0, 80, 0, 0, 0, 0, 0, 0, 0, 0, 0, 0, 6, 28, 114
"/root/projects/cpp/mine/media_stream_analyzing/cpp/3rdparty/cpp-httplib/example/server.vcxproj", "XML", 0, 0, 0, 0, 0, 0, 0, 0, 0, 160, 0, 0, 0, 0, 160
"/root/projects/cpp/mine/media_stream_analyzing/cpp/3rdparty/cpp-httplib/example/server_and_client.cc", "C++", 0, 59, 0, 0, 0, 0, 0, 0, 0, 0, 0, 0, 8, 24, 91
"/root/projects/cpp/mine/media_stream_analyzing/cpp/3rdparty/cpp-httplib/example/simplecli.cc", "C++", 0, 18, 0, 0, 0, 0, 0, 0, 0, 0, 0, 0, 6, 6, 30
"/root/projects/cpp/mine/media_stream_analyzing/cpp/3rdparty/cpp-httplib/example/simplesvr.cc", "C++", 0, 103, 0, 0, 0, 0, 0, 0, 0, 0, 0, 0, 6, 40, 149
"/root/projects/cpp/mine/media_stream_analyzing/cpp/3rdparty/cpp-httplib/example/ssecli-stream.cc", "C++", 0, 132, 0, 0, 0, 0, 0, 0, 0, 0, 0, 0, 66, 37, 235
"/root/projects/cpp/mine/media_stream_analyzing/cpp/3rdparty/cpp-httplib/example/ssecli.cc", "C++", 0, 32, 0, 0, 0, 0, 0, 0, 0, 0, 0, 0, 11, 15, 58
"/root/projects/cpp/mine/media_stream_analyzing/cpp/3rdparty/cpp-httplib/example/ssesvr.cc", "C++", 0, 90, 0, 0, 0, 0, 0, 0, 0, 0, 0, 0, 1, 16, 107
"/root/projects/cpp/mine/media_stream_analyzing/cpp/3rdparty/cpp-httplib/example/upload.cc", "C++", 0, 46, 0, 0, 0, 0, 0, 0, 0, 0, 0, 0, 6, 10, 62
"/root/projects/cpp/mine/media_stream_analyzing/cpp/3rdparty/cpp-httplib/example/uploader.sh", "Shell Script", 0, 0, 0, 0, 0, 0, 0, 0, 5, 0, 0, 0, 1, 1, 7
"/root/projects/cpp/mine/media_stream_analyzing/cpp/3rdparty/cpp-httplib/httplib.h", "C++", 0, 11100, 0, 0, 0, 0, 0, 0, 0, 0, 0, 0, 648, 2157, 13905
"/root/projects/cpp/mine/media_stream_analyzing/cpp/3rdparty/cpp-httplib/split.py", "Python", 52, 0, 0, 0, 0, 0, 0, 0, 0, 0, 0, 0, 7, 15, 74
"/root/projects/cpp/mine/media_stream_analyzing/cpp/3rdparty/cpp-httplib/test/CMakeLists.txt", "CMake", 0, 0, 112, 0, 0, 0, 0, 0, 0, 0, 0, 0, 0, 10, 122
"/root/projects/cpp/mine/media_stream_analyzing/cpp/3rdparty/cpp-httplib/test/Makefile", "Makefile", 0, 0, 0, 0, 0, 0, 0, 0, 0, 0, 0, 95, 13, 25, 133
"/root/projects/cpp/mine/media_stream_analyzing/cpp/3rdparty/cpp-httplib/test/fuzzing/CMakeLists.txt", "CMake", 0, 0, 10, 0, 0, 0, 0, 0, 0, 0, 0, 0, 0, 1, 11
"/root/projects/cpp/mine/media_stream_analyzing/cpp/3rdparty/cpp-httplib/test/fuzzing/Makefile", "Makefile", 0, 0, 0, 0, 0, 0, 0, 0, 0, 0, 0, 12, 7, 9, 28
"/root/projects/cpp/mine/media_stream_analyzing/cpp/3rdparty/cpp-httplib/test/fuzzing/server_fuzzer.cc", "C++", 0, 82, 0, 0, 0, 0, 0, 0, 0, 0, 0, 0, 0, 19, 101
"/root/projects/cpp/mine/media_stream_analyzing/cpp/3rdparty/cpp-httplib/test/fuzzing/standalone_fuzz_target_runner.cpp", "C++", 0, 21, 0, 0, 0, 0, 0, 0, 0, 0, 0, 0, 10, 5, 36
"/root/projects/cpp/mine/media_stream_analyzing/cpp/3rdparty/cpp-httplib/test/gen-certs.sh", "Shell Script", 0, 0, 0, 0, 0, 0, 0, 0, 16, 0, 0, 0, 1, 2, 19
"/root/projects/cpp/mine/media_stream_analyzing/cpp/3rdparty/cpp-httplib/test/gtest/include/gtest/gtest-assertion-result.h", "C++", 0, 62, 0, 0, 0, 0, 0, 0, 0, 0, 0, 0, 149, 27, 238
"/root/projects/cpp/mine/media_stream_analyzing/cpp/3rdparty/cpp-httplib/test/gtest/include/gtest/gtest-death-test.h", "C++", 0, 69, 0, 0, 0, 0, 0, 0, 0, 0, 0, 0, 244, 33, 346
"/root/projects/cpp/mine/media_stream_analyzing/cpp/3rdparty/cpp-httplib/test/gtest/include/gtest/gtest-matchers.h", "C++", 0, 584, 0, 0, 0, 0, 0, 0, 0, 0, 0, 0, 244, 129, 957
"/root/projects/cpp/mine/media_stream_analyzing/cpp/3rdparty/cpp-httplib/test/gtest/include/gtest/gtest-message.h", "C++", 0, 63, 0, 0, 0, 0, 0, 0, 0, 0, 0, 0, 128, 28, 219
"/root/projects/cpp/mine/media_stream_analyzing/cpp/3rdparty/cpp-httplib/test/gtest/include/gtest/gtest-param-test.h", "C++", 0, 148, 0, 0, 0, 0, 0, 0, 0, 0, 0, 0, 322, 41, 511
"/root/projects/cpp/mine/media_stream_analyzing/cpp/3rdparty/cpp-httplib/test/gtest/include/gtest/gtest-printers.h", "C++", 0, 641, 0, 0, 0, 0, 0, 0, 0, 0, 0, 0, 293, 115, 1049
"/root/projects/cpp/mine/media_stream_analyzing/cpp/3rdparty/cpp-httplib/test/gtest/include/gtest/gtest-spi.h", "C++", 0, 109, 0, 0, 0, 0, 0, 0, 0, 0, 0, 0, 114, 26, 249
"/root/projects/cpp/mine/media_stream_analyzing/cpp/3rdparty/cpp-httplib/test/gtest/include/gtest/gtest-test-part.h", "C++", 0, 79, 0, 0, 0, 0, 0, 0, 0, 0, 0, 0, 73, 39, 191
"/root/projects/cpp/mine/media_stream_analyzing/cpp/3rdparty/cpp-httplib/test/gtest/include/gtest/gtest-typed-test.h", "C++", 0, 149, 0, 0, 0, 0, 0, 0, 0, 0, 0, 0, 139, 44, 332
"/root/projects/cpp/mine/media_stream_analyzing/cpp/3rdparty/cpp-httplib/test/gtest/include/gtest/gtest.h", "C++", 0, 907, 0, 0, 0, 0, 0, 0, 0, 0, 0, 0, 1035, 356, 2298
"/root/projects/cpp/mine/media_stream_analyzing/cpp/3rdparty/cpp-httplib/test/gtest/include/gtest/gtest_pred_impl.h", "C++", 0, 147, 0, 0, 0, 0, 0, 0, 0, 0, 0, 0, 98, 35, 280
"/root/projects/cpp/mine/media_stream_analyzing/cpp/3rdparty/cpp-httplib/test/gtest/include/gtest/gtest_prod.h", "C++", 0, 5, 0, 0, 0, 0, 0, 0, 0, 0, 0, 0, 50, 6, 61
"/root/projects/cpp/mine/media_stream_analyzing/cpp/3rdparty/cpp-httplib/test/gtest/include/gtest/internal/custom/README.md", "Markdown", 0, 0, 0, 28, 0, 0, 0, 0, 0, 0, 0, 0, 0, 17, 45
"/root/projects/cpp/mine/media_stream_analyzing/cpp/3rdparty/cpp-httplib/test/gtest/include/gtest/internal/custom/gtest-port.h", "C++", 0, 3, 0, 0, 0, 0, 0, 0, 0, 0, 0, 0, 32, 3, 38
"/root/projects/cpp/mine/media_stream_analyzing/cpp/3rdparty/cpp-httplib/test/gtest/include/gtest/internal/custom/gtest-printers.h", "C++", 0, 3, 0, 0, 0, 0, 0, 0, 0, 0, 0, 0, 37, 3, 43
"/root/projects/cpp/mine/media_stream_analyzing/cpp/3rdparty/cpp-httplib/test/gtest/include/gtest/internal/custom/gtest.h", "C++", 0, 3, 0, 0, 0, 0, 0, 0, 0, 0, 0, 0, 32, 3, 38
"/root/projects/cpp/mine/media_stream_analyzing/cpp/3rdparty/cpp-httplib/test/gtest/include/gtest/internal/gtest-death-test-internal.h", "C++", 0, 159, 0, 0, 0, 0, 0, 0, 0, 0, 0, 0, 102, 46, 307
"/root/projects/cpp/mine/media_stream_analyzing/cpp/3rdparty/cpp-httplib/test/gtest/include/gtest/internal/gtest-filepath.h", "C++", 0, 51, 0, 0, 0, 0, 0, 0, 0, 0, 0, 0, 124, 36, 211
"/root/projects/cpp/mine/media_stream_analyzing/cpp/3rdparty/cpp-httplib/test/gtest/include/gtest/internal/gtest-internal.h", "C++", 0, 910, 0, 0, 0, 0, 0, 0, 0, 0, 0, 0, 432, 229, 1571
"/root/projects/cpp/mine/media_stream_analyzing/cpp/3rdparty/cpp-httplib/test/gtest/include/gtest/internal/gtest-param-util.h", "C++", 0, 617, 0, 0, 0, 0, 0, 0, 0, 0, 0, 0, 215, 125, 957
"/root/projects/cpp/mine/media_stream_analyzing/cpp/3rdparty/cpp-httplib/test/gtest/include/gtest/internal/gtest-port-arch.h", "C++", 0, 77, 0, 0, 0, 0, 0, 0, 0, 0, 0, 0, 35, 5, 117
"/root/projects/cpp/mine/media_stream_analyzing/cpp/3rdparty/cpp-httplib/test/gtest/include/gtest/internal/gtest-port.h", "C++", 0, 1265, 0, 0, 0, 0, 0, 0, 0, 0, 0, 0, 833, 316, 2414
"/root/projects/cpp/mine/media_stream_analyzing/cpp/3rdparty/cpp-httplib/test/gtest/include/gtest/internal/gtest-string.h", "C++", 0, 38, 0, 0, 0, 0, 0, 0, 0, 0, 0, 0, 111, 29, 178
"/root/projects/cpp/mine/media_stream_analyzing/cpp/3rdparty/cpp-httplib/test/gtest/include/gtest/internal/gtest-type-util.h", "C++", 0, 98, 0, 0, 0, 0, 0, 0, 0, 0, 0, 0, 62, 27, 187
"/root/projects/cpp/mine/media_stream_analyzing/cpp/3rdparty/cpp-httplib/test/gtest/src/gtest-all.cc", "C++", 0, 10, 0, 0, 0, 0, 0, 0, 0, 0, 0, 0, 36, 4, 50
"/root/projects/cpp/mine/media_stream_analyzing/cpp/3rdparty/cpp-httplib/test/gtest/src/gtest-assertion-result.cc", "C++", 0, 26, 0, 0, 0, 0, 0, 0, 0, 0, 0, 0, 39, 13, 78
"/root/projects/cpp/mine/media_stream_analyzing/cpp/3rdparty/cpp-httplib/test/gtest/src/gtest-death-test.cc", "C++", 0, 1035, 0, 0, 0, 0, 0, 0, 0, 0, 0, 0, 369, 217, 1621
"/root/projects/cpp/mine/media_stream_analyzing/cpp/3rdparty/cpp-httplib/test/gtest/src/gtest-filepath.cc", "C++", 0, 227, 0, 0, 0, 0, 0, 0, 0, 0, 0, 0, 104, 37, 368
"/root/projects/cpp/mine/media_stream_analyzing/cpp/3rdparty/cpp-httplib/test/gtest/src/gtest-internal-inl.h", "C++", 0, 585, 0, 0, 0, 0, 0, 0, 0, 0, 0, 0, 416, 212, 1213
"/root/projects/cpp/mine/media_stream_analyzing/cpp/3rdparty/cpp-httplib/test/gtest/src/gtest-matchers.cc", "C++", 0, 30, 0, 0, 0, 0, 0, 0, 0, 0, 0, 0, 52, 17, 99
"/root/projects/cpp/mine/media_stream_analyzing/cpp/3rdparty/cpp-httplib/test/gtest/src/gtest-port.cc", "C++", 0, 938, 0, 0, 0, 0, 0, 0, 0, 0, 0, 0, 272, 185, 1395
"/root/projects/cpp/mine/media_stream_analyzing/cpp/3rdparty/cpp-httplib/test/gtest/src/gtest-printers.cc", "C++", 0, 343, 0, 0, 0, 0, 0, 0, 0, 0, 0, 0, 136, 75, 554
"/root/projects/cpp/mine/media_stream_analyzing/cpp/3rdparty/cpp-httplib/test/gtest/src/gtest-test-part.cc", "C++", 0, 52, 0, 0, 0, 0, 0, 0, 0, 0, 0, 0, 36, 18, 106
"/root/projects/cpp/mine/media_stream_analyzing/cpp/3rdparty/cpp-httplib/test/gtest/src/gtest-typed-test.cc", "C++", 0, 56, 0, 0, 0, 0, 0, 0, 0, 0, 0, 0, 33, 16, 105
"/root/projects/cpp/mine/media_stream_analyzing/cpp/3rdparty/cpp-httplib/test/gtest/src/gtest.cc", "C++", 0, 4563, 0, 0, 0, 0, 0, 0, 0, 0, 0, 0, 1329, 904, 6796
"/root/projects/cpp/mine/media_stream_analyzing/cpp/3rdparty/cpp-httplib/test/gtest/src/gtest_main.cc", "C++", 0, 18, 0, 0, 0, 0, 0, 0, 0, 0, 0, 0, 28, 8, 54
"/root/projects/cpp/mine/media_stream_analyzing/cpp/3rdparty/cpp-httplib/test/include_httplib.cc", "C++", 0, 1, 0, 0, 0, 0, 0, 0, 0, 0, 0, 0, 3, 2, 6
"/root/projects/cpp/mine/media_stream_analyzing/cpp/3rdparty/cpp-httplib/test/include_windows_h.cc", "C++", 0, 3, 0, 0, 0, 0, 0, 0, 0, 0, 0, 0, 1, 3, 7
"/root/projects/cpp/mine/media_stream_analyzing/cpp/3rdparty/cpp-httplib/test/make-shared-library.sh", "Shell Script", 0, 0, 0, 0, 0, 0, 0, 0, 18, 0, 0, 0, 3, 8, 29
"/root/projects/cpp/mine/media_stream_analyzing/cpp/3rdparty/cpp-httplib/test/proxy/Dockerfile", "Docker", 0, 0, 0, 0, 0, 8, 0, 0, 0, 0, 0, 0, 0, 6, 14
"/root/projects/cpp/mine/media_stream_analyzing/cpp/3rdparty/cpp-httplib/test/proxy/basic_squid.conf", "Properties", 0, 0, 0, 0, 0, 0, 0, 37, 0, 0, 0, 0, 30, 15, 82
"/root/projects/cpp/mine/media_stream_analyzing/cpp/3rdparty/cpp-httplib/test/proxy/digest_squid.conf", "Properties", 0, 0, 0, 0, 0, 0, 0, 37, 0, 0, 0, 0, 30, 15, 82
"/root/projects/cpp/mine/media_stream_analyzing/cpp/3rdparty/cpp-httplib/test/proxy/docker-compose.yml", "YAML", 0, 0, 0, 0, 0, 0, 19, 0, 0, 0, 0, 0, 0, 2, 21
"/root/projects/cpp/mine/media_stream_analyzing/cpp/3rdparty/cpp-httplib/test/test.cc", "C++", 0, 11102, 0, 0, 0, 0, 0, 0, 0, 0, 0, 0, 545, 2337, 13984
"/root/projects/cpp/mine/media_stream_analyzing/cpp/3rdparty/cpp-httplib/test/test.conf", "Properties", 0, 0, 0, 0, 0, 0, 0, 18, 0, 0, 0, 0, 0, 4, 22
"/root/projects/cpp/mine/media_stream_analyzing/cpp/3rdparty/cpp-httplib/test/test.rootCA.conf", "Properties", 0, 0, 0, 0, 0, 0, 0, 16, 0, 0, 0, 0, 0, 3, 19
"/root/projects/cpp/mine/media_stream_analyzing/cpp/3rdparty/cpp-httplib/test/test.vcxproj", "XML", 0, 0, 0, 0, 0, 0, 0, 0, 0, 180, 0, 0, 0, 0, 180
"/root/projects/cpp/mine/media_stream_analyzing/cpp/3rdparty/cpp-httplib/test/test_proxy.cc", "C++", 0, 246, 0, 0, 0, 0, 0, 0, 0, 0, 0, 0, 4, 48, 298
"/root/projects/cpp/mine/media_stream_analyzing/cpp/3rdparty/cpp-httplib/test/www/dir/index.html", "HTML", 0, 0, 0, 0, 0, 0, 0, 0, 0, 0, 8, 0, 0, 1, 9
"/root/projects/cpp/mine/media_stream_analyzing/cpp/3rdparty/cpp-httplib/test/www/dir/test.html", "HTML", 0, 0, 0, 0, 0, 0, 0, 0, 0, 0, 1, 0, 0, 0, 1
"/root/projects/cpp/mine/media_stream_analyzing/cpp/3rdparty/cpp-httplib/test/www2/dir/index.html", "HTML", 0, 0, 0, 0, 0, 0, 0, 0, 0, 0, 8, 0, 0, 1, 9
"/root/projects/cpp/mine/media_stream_analyzing/cpp/3rdparty/cpp-httplib/test/www2/dir/test.html", "HTML", 0, 0, 0, 0, 0, 0, 0, 0, 0, 0, 1, 0, 0, 0, 1
"/root/projects/cpp/mine/media_stream_analyzing/cpp/3rdparty/cpp-httplib/test/www3/dir/index.html", "HTML", 0, 0, 0, 0, 0, 0, 0, 0, 0, 0, 8, 0, 0, 1, 9
"/root/projects/cpp/mine/media_stream_analyzing/cpp/3rdparty/cpp-httplib/test/www3/dir/test.html", "HTML", 0, 0, 0, 0, 0, 0, 0, 0, 0, 0, 1, 0, 0, 0, 1
"/root/projects/cpp/mine/media_stream_analyzing/cpp/3rdparty/nlohmann/json.hpp", "C++", 0, 17980, 0, 0, 0, 0, 0, 0, 0, 0, 0, 0, 4492, 3055, 25527
"/root/projects/cpp/mine/media_stream_analyzing/cpp/CMakeLists.txt", "CMake", 0, 0, 93, 0, 0, 0, 0, 0, 0, 0, 0, 0, 0, 19, 112
"/root/projects/cpp/mine/media_stream_analyzing/cpp/README.md", "Markdown", 0, 0, 0, 2, 0, 0, 0, 0, 0, 0, 0, 0, 0, 4, 6
"/root/projects/cpp/mine/media_stream_analyzing/cpp/src/Assignment.cpp", "C++", 0, 43, 0, 0, 0, 0, 0, 0, 0, 0, 0, 0, 3, 8, 54
"/root/projects/cpp/mine/media_stream_analyzing/cpp/src/Assignment.h", "C++", 0, 19, 0, 0, 0, 0, 0, 0, 0, 0, 0, 0, 0, 4, 23
"/root/projects/cpp/mine/media_stream_analyzing/cpp/src/CapFrameReader.cpp", "C++", 0, 6, 0, 0, 0, 0, 0, 0, 0, 0, 0, 0, 0, 3, 9
"/root/projects/cpp/mine/media_stream_analyzing/cpp/src/CapFrameReader.h", "C++", 0, 10, 0, 0, 0, 0, 0, 0, 0, 0, 0, 0, 0, 2, 12
"/root/projects/cpp/mine/media_stream_analyzing/cpp/src/DirFrameReader.cpp", "C++", 0, 82, 0, 0, 0, 0, 0, 0, 0, 0, 0, 0, 3, 10, 95
"/root/projects/cpp/mine/media_stream_analyzing/cpp/src/DirFrameReader.h", "C++", 0, 19, 0, 0, 0, 0, 0, 0, 0, 0, 0, 0, 0, 3, 22
"/root/projects/cpp/mine/media_stream_analyzing/cpp/src/DirFrameReaderLazy.cpp", "C++", 0, 61, 0, 0, 0, 0, 0, 0, 0, 0, 0, 0, 1, 8, 70
"/root/projects/cpp/mine/media_stream_analyzing/cpp/src/DirFrameReaderLazy.h", "C++", 0, 26, 0, 0, 0, 0, 0, 0, 0, 0, 0, 0, 0, 4, 30
"/root/projects/cpp/mine/media_stream_analyzing/cpp/src/FrameReader.h", "C++", 0, 8, 0, 0, 0, 0, 0, 0, 0, 0, 0, 0, 3, 2, 13
"/root/projects/cpp/mine/media_stream_analyzing/cpp/src/Log.h", "C++", 0, 15, 0, 0, 0, 0, 0, 0, 0, 0, 0, 0, 4, 3, 22
"/root/projects/cpp/mine/media_stream_analyzing/cpp/src/Manager.cpp", "C++", 0, 81, 0, 0, 0, 0, 0, 0, 0, 0, 0, 0, 6, 8, 95
"/root/projects/cpp/mine/media_stream_analyzing/cpp/src/Manager.h", "C++", 0, 24, 0, 0, 0, 0, 0, 0, 0, 0, 0, 0, 0, 3, 27
"/root/projects/cpp/mine/media_stream_analyzing/cpp/src/MediaWorker.cpp", "C++", 0, 132, 0, 0, 0, 0, 0, 0, 0, 0, 0, 0, 7, 18, 157
"/root/projects/cpp/mine/media_stream_analyzing/cpp/src/MediaWorker.h", "C++", 0, 48, 0, 0, 0, 0, 0, 0, 0, 0, 0, 0, 1, 4, 53
"/root/projects/cpp/mine/media_stream_analyzing/cpp/src/MessageWorker.cpp", "C++", 0, 39, 0, 0, 0, 0, 0, 0, 0, 0, 0, 0, 15, 5, 59
"/root/projects/cpp/mine/media_stream_analyzing/cpp/src/MessageWorker.h", "C++", 0, 19, 0, 0, 0, 0, 0, 0, 0, 0, 0, 0, 1, 2, 22
"/root/projects/cpp/mine/media_stream_analyzing/cpp/src/Model.cpp", "C++", 0, 20, 0, 0, 0, 0, 0, 0, 0, 0, 0, 0, 0, 6, 26
"/root/projects/cpp/mine/media_stream_analyzing/cpp/src/Model.h", "C++", 0, 49, 0, 0, 0, 0, 0, 0, 0, 0, 0, 0, 15, 14, 78
"/root/projects/cpp/mine/media_stream_analyzing/cpp/src/SafeQueue.h", "C++", 0, 36, 0, 0, 0, 0, 0, 0, 0, 0, 0, 0, 19, 6, 61
"/root/projects/cpp/mine/media_stream_analyzing/cpp/src/TrtModel.cpp", "C++", 0, 58, 0, 0, 0, 0, 0, 0, 0, 0, 0, 0, 6, 17, 81
"/root/projects/cpp/mine/media_stream_analyzing/cpp/src/TrtModel.h", "C++", 0, 47, 0, 0, 0, 0, 0, 0, 0, 0, 0, 0, 0, 3, 50
"/root/projects/cpp/mine/media_stream_analyzing/cpp/src/TrtModelWorker.cpp", "C++", 0, 45, 0, 0, 0, 0, 0, 0, 0, 0, 0, 0, 2, 7, 54
"/root/projects/cpp/mine/media_stream_analyzing/cpp/src/TrtModelWorker.h", "C++", 0, 27, 0, 0, 0, 0, 0, 0, 0, 0, 0, 0, 1, 3, 31
"/root/projects/cpp/mine/media_stream_analyzing/cpp/src/WorkerThread.cpp", "C++", 0, 51, 0, 0, 0, 0, 0, 0, 0, 0, 0, 0, 0, 9, 60
"/root/projects/cpp/mine/media_stream_analyzing/cpp/src/WorkerThread.h", "C++", 0, 21, 0, 0, 0, 0, 0, 0, 0, 0, 0, 0, 0, 4, 25
"/root/projects/cpp/mine/media_stream_analyzing/cpp/src/main.cpp", "C++", 0, 25, 0, 0, 0, 0, 0, 0, 0, 0, 0, 0, 1, 1, 27
"/root/projects/cpp/mine/media_stream_analyzing/cpp/src/main_coupling.cpp", "C++", 0, 105, 0, 0, 0, 0, 0, 0, 0, 0, 0, 0, 9, 9, 123
"/root/projects/cpp/mine/media_stream_analyzing/info_client/info_client.py", "Python", 10, 0, 0, 0, 0, 0, 0, 0, 0, 0, 0, 0, 4, 7, 21
"/root/projects/cpp/mine/media_stream_analyzing/model_export/example_model_to_onnx.py", "Python", 20, 0, 0, 0, 0, 0, 0, 0, 0, 0, 0, 0, 14, 10, 44
"/root/projects/cpp/mine/media_stream_analyzing/python/Manager.py", "Python", 67, 0, 0, 0, 0, 0, 0, 0, 0, 0, 0, 0, 0, 16, 83
"/root/projects/cpp/mine/media_stream_analyzing/python/MediaStream.py", "Python", 68, 0, 0, 0, 0, 0, 0, 0, 0, 0, 0, 0, 22, 16, 106
"/root/projects/cpp/mine/media_stream_analyzing/python/MessageServer.py", "Python", 50, 0, 0, 0, 0, 0, 0, 0, 0, 0, 0, 0, 1, 6, 57
"/root/projects/cpp/mine/media_stream_analyzing/python/SafeQueue.py", "Python", 39, 0, 0, 0, 0, 0, 0, 0, 0, 0, 0, 0, 2, 8, 49
"/root/projects/cpp/mine/media_stream_analyzing/python/TrtModel.py", "Python", 98, 0, 0, 0, 0, 0, 0, 0, 0, 0, 0, 0, 18, 16, 132
"/root/projects/cpp/mine/media_stream_analyzing/python/main.py", "Python", 13, 0, 0, 0, 0, 0, 0, 0, 0, 0, 0, 0, 29, 10, 52
"/root/projects/cpp/mine/media_stream_analyzing/res/config_test_images_dir.json", "JSON", 0, 0, 0, 0, 17, 0, 0, 0, 0, 0, 0, 0, 0, 0, 17
"/root/projects/cpp/mine/media_stream_analyzing/res/config_test_speed.json", "JSON", 0, 0, 0, 0, 62, 0, 0, 0, 0, 0, 0, 0, 0, 0, 62
"Total", "-", 417, 68087, 692, 1454, 79, 19, 26, 108, 39, 500, 46, 182, 15118, 14105, 100872